{"name":"154921f2-8a19-4be1-9966-7db726351854","id":"/providers/Microsoft.Flow/flows/154921f2-8a19-4be1-9966-7db726351854","type":"Microsoft.Flow/flows","properties":{"apiId":"/providers/Microsoft.PowerApps/apis/shared_logicflows","displayName":"IQbotTemplate","definition":{"metadata":{"workflowEntityId":null,"processAdvisorMetadata":null,"flowclientsuspensionreason":"None","flowclientsuspensiontime":null,"flowclientsuspensionreasondetails":null,"creator":{"id":"d0461964-21df-40c3-9f36-899bff1d35e4","type":"User","tenantId":"e9112c5c-e4bb-4ab9-8b4c-3692f43531a7"},"provisioningMethod":"FromDefinition","failureAlertSubscription":true,"clientLastModifiedTime":"2023-01-09T20:48:26.5100475Z"},"$schema":"https://schema.management.azure.com/providers/Microsoft.Logic/schemas/2016-06-01/workflowdefinition.json#","contentVersion":"1.0.0.0","parameters":{"$authentication":{"defaultValue":{},"type":"SecureObject"}},"triggers":{"Recurrence":{"recurrence":{"frequency":"Hour","interval":1},"metadata":{"operationMetadataId":"a418d226-526c-4b6f-9c22-e4e6980c37ea"},"type":"Recurrence"}},"actions":{"Current_time":{"runAfter":{},"metadata":{"operationMetadataId":"5b6d7287-9778-4298-86fd-e1d6a4daf02a"},"type":"Expression","kind":"CurrentTime","inputs":{}},"Convert_time_zone":{"runAfter":{"Current_time":["Succeeded"]},"metadata":{"operationMetadataId":"b68a7fa5-41fd-4d3a-94d7-b103a5e6ef68"},"type":"Expression","kind":"ConvertTimeZone","inputs":{"baseTime":"@body('Current_time')","formatString":"r","sourceTimeZone":"UTC","destinationTimeZone":"Romance Standard Time"}},"Set_UserKey":{"runAfter":{"Convert_time_zone":["Succeeded"]},"metadata":{"operationMetadataId":"03dae1b6-dcfe-4a4b-b56a-2c38fa698e74"},"type":"InitializeVariable","inputs":{"variables":[{"name":"userKey","type":"string","value":"\"\""}]}},"Set_TenantUrl":{"runAfter":{"Set_UserKey":["Succeeded"]},"metadata":{"operationMetadataId":"68199348-bcd1-4bf9-bcec-a5aa903db843"},"type":"InitializeVariable","inputs":{"variables":[{"name":"tenantUrl","type":"string","value":"https://cloud.uipath.com/steeltitansax/DefaultTenant"}]}},"Set_ClientId":{"runAfter":{"Set_TenantUrl":["Succeeded"]},"metadata":{"operationMetadataId":"362ffe7b-bfcf-4954-a6fc-e1acda6bf193"},"type":"InitializeVariable","inputs":{"variables":[{"name":"ClientId","type":"string","value":"942ea57f-6d8b-410d-9ad4-b74d099f532f"}]}},"Set_ClientSecret":{"runAfter":{"Set_ClientId":["Succeeded"]},"metadata":{"operationMetadataId":"ec008cb8-eed3-4472-9cb8-7adbcc9976ec"},"type":"InitializeVariable","inputs":{"variables":[{"name":"clientSecret","type":"string","value":"!UhfKBwmMljZ3Fk8"}]}},"Set_Scope":{"runAfter":{"Set_ClientSecret":["Succeeded"]},"metadata":{"operationMetadataId":"48bcc970-04d0-4e2d-9b07-7dd5bf06cd88"},"type":"InitializeVariable","inputs":{"variables":[{"name":"scope","type":"string","value":"OR.Administration OR.Administration.Read OR.Administration.Write OR.Analytics OR.Analytics.Read OR.Analytics.Write  OR.Assets OR.Assets.Read OR.Assets.Write OR.Audit OR.Audit.Read OR.Audit.Write  OR.BackgroundTasks OR.BackgroundTasks.Read OR.BackgroundTasks.Write OR.Execution OR.Execution.Read OR.Execution.Write OR.Folders OR.Folders.Read OR.Folders.Write OR.Hypervisor OR.Hypervisor.Read OR.Hypervisor.Write OR.Jobs OR.Jobs.Read OR.Jobs.Write OR.Robots OR.Robots.Read OR.Robots.Write OR.Monitoring"}]}},"Set_Access_Token":{"runAfter":{"Set_Scope":["Succeeded"]},"metadata":{"operationMetadataId":"1a96ff89-9198-419e-b6c2-647fbad643c9"},"type":"InitializeVariable","inputs":{"variables":[{"name":"accessToken","type":"string","value":"\"\""}]}},"Try":{"actions":{"HTTP_Authentication_Request":{"runAfter":{},"metadata":{"operationMetadataId":"ff3b3948-d53c-4048-ab67-08d13d2898a4"},"type":"Http","inputs":{"method":"POST","uri":"https://cloud.uipath.com/identity_/connect/token","headers":{"Content-Type":"application/x-www-form-urlencoded"},"body":"grant_type=client_credentials&client_id=@{variables('ClientId')}&client_secret=@{variables('clientSecret')}&scope=@{variables('scope')}"}},"Parse_Authentication_Request":{"runAfter":{"HTTP_Authentication_Request":["Succeeded"]},"metadata":{"operationMetadataId":"688b3f53-44eb-4ba9-9f99-381cb5ced3d6"},"type":"ParseJson","inputs":{"content":"@body('HTTP_Authentication_Request')","schema":{"type":"object","properties":{"access_token":{"type":"string"}}}}},"Reset_Access_Token":{"runAfter":{"Parse_Authentication_Request":["Succeeded"]},"metadata":{"operationMetadataId":"94ad24f8-d2c5-4492-ad6c-22b90fff2db4"},"type":"SetVariable","inputs":{"name":"accessToken","value":"@body('Parse_Authentication_Request')?['access_token']"}},"HTTP_Get_Robot_Logs":{"runAfter":{"Reset_Access_Token":["Succeeded"]},"metadata":{"operationMetadataId":"4ff56004-e8c2-4da6-860e-08dfb2023b2e"},"type":"Http","inputs":{"method":"GET","uri":"@{variables('tenantUrl')}/orchestrator_/odata/RobotLogs?$filter=(TimeStamp gt @{addDays(body('Convert_time_zone'),-1)} )","headers":{"Authorization":"Bearer @{variables('accessToken')}","Connection":"keep-alive","Accept-Encoding":"gzip,deflate,br","Accept":"*/*","X-UIPATH-FolderPath":"Main"}}},"Parse_JSON":{"runAfter":{"HTTP_Get_Robot_Logs":["Succeeded"]},"metadata":{"operationMetadataId":"431a2315-b657-44d8-b9e1-6e9ed290abfa"},"type":"ParseJson","inputs":{"content":"@body('HTTP_Get_Robot_Logs')","schema":{"type":"object","properties":{"@@odata.context":{"type":"string"},"@@odata.count":{"type":"integer"},"value":{"type":"array","items":{"type":"object","properties":{"Level":{"type":"string"},"WindowsIdentity":{"type":"string"},"ProcessName":{"type":"string"},"TimeStamp":{"type":"string"},"Message":{"type":"string"},"JobKey":{"type":"string"},"RawMessage":{"type":"string"},"RobotName":{"type":"string"},"HostMachineName":{"type":"string"},"MachineId":{"type":"integer"},"RuntimeType":{},"Id":{"type":"integer"}},"required":["Level","WindowsIdentity","ProcessName","TimeStamp","Message","JobKey","RawMessage","RobotName","HostMachineName","MachineId","RuntimeType","Id"]}}}}}},"Filter_array_by_Error":{"runAfter":{"Parse_JSON":["Succeeded"]},"metadata":{"operationMetadataId":"e26d7e8a-60a5-498f-908b-5cb3879861be"},"type":"Query","inputs":{"from":"@body('Parse_JSON')?['value']","where":"@equals(item()?['Level'], 'Error')"}},"Filter_array_by_ProcessName":{"runAfter":{"Filter_array_by_Error":["Succeeded"]},"metadata":{"operationMetadataId":"5cc214a5-680f-4d21-b6e9-6098e3fa30f8"},"type":"Query","inputs":{"from":"@body('Filter_array_by_Error')","where":"@equals(item()?['ProcessName'], 'RPA0001_GraphInteractionUser')"}},"Apply_to_each":{"foreach":"@body('Filter_array_by_ProcessName')","actions":{"Condition":{"actions":{"Get_Release_info":{"runAfter":{},"metadata":{"operationMetadataId":"4ff56004-e8c2-4da6-860e-08dfb2023b2e"},"type":"Http","inputs":{"method":"GET","uri":"@{variables('tenantUrl')}/orchestrator_/odata/Releases?$filter=(Name eq '@{items('Apply_to_each')?['ProcessName']}')","headers":{"Authorization":"Bearer @{variables('accessToken')}","Connection":"keep-alive","X-UIPATH-FolderPath":"Main"}}},"Parse_Release_JSON":{"runAfter":{"Get_Release_info":["Succeeded"]},"metadata":{"operationMetadataId":"49f61b59-949f-4169-9995-f48832cd955a"},"type":"ParseJson","inputs":{"content":"@body('Get_Release_info')","schema":{"type":"object","properties":{"statusCode":{"type":"integer"},"headers":{"type":"object","properties":{"Transfer-Encoding":{"type":"string"},"Connection":{"type":"string"},"Pragma":{"type":"string"},"Request-Context":{"type":"string"},"X-Robots-Tag":{"type":"string"},"X-Download-Options":{"type":"string"},"X-XSS-Protection":{"type":"string"},"X-Content-Type-Options":{"type":"string"},"X-Frame-Options":{"type":"string"},"Strict-Transport-Security":{"type":"string"},"Content-Security-Policy":{"type":"string"},"X-Correlation-ID":{"type":"string"},"OData-Version":{"type":"string"},"api-supported-versions":{"type":"string"},"X-UiPath-Correlation-ID":{"type":"string"},"CF-Cache-Status":{"type":"string"},"CF-RAY":{"type":"string"},"Cache-Control":{"type":"string"},"Date":{"type":"string"},"Server":{"type":"string"},"Content-Type":{"type":"string"},"Expires":{"type":"string"},"Content-Length":{"type":"string"}}},"body":{"type":"object","properties":{"@@odata.context":{"type":"string"},"@@odata.count":{"type":"integer"},"value":{"type":"array","items":{"type":"object","properties":{"Key":{"type":"string"},"ProcessKey":{"type":"string"},"ProcessVersion":{"type":"string"},"IsLatestVersion":{"type":"boolean"},"IsProcessDeleted":{"type":"boolean"},"Description":{"type":"string"},"Name":{"type":"string"},"EnvironmentId":{},"EnvironmentName":{"type":"string"},"EntryPointId":{"type":"integer"},"InputArguments":{},"ProcessType":{"type":"string"},"SupportsMultipleEntryPoints":{"type":"boolean"},"RequiresUserInteraction":{"type":"boolean"},"IsAttended":{"type":"boolean"},"IsCompiled":{"type":"boolean"},"AutoUpdate":{"type":"boolean"},"FeedId":{"type":"string"},"JobPriority":{"type":"string"},"SpecificPriorityValue":{"type":"integer"},"OrganizationUnitId":{"type":"integer"},"OrganizationUnitFullyQualifiedName":{"type":"string"},"TargetFramework":{"type":"string"},"RobotSize":{},"AutoCreateConnectedTriggers":{"type":"boolean"},"RemoteControlAccess":{"type":"string"},"LastModificationTime":{"type":"string"},"LastModifierUserId":{"type":"integer"},"CreationTime":{"type":"string"},"CreatorUserId":{"type":"integer"},"Id":{"type":"integer"},"Arguments":{"type":"object","properties":{"Input":{"type":"string"},"Output":{"type":"string"}}},"ProcessSettings":{},"VideoRecordingSettings":{},"Tags":{"type":"array"},"ResourceOverwrites":{"type":"array"}},"required":["Key","ProcessKey","ProcessVersion","IsLatestVersion","IsProcessDeleted","Description","Name","EnvironmentId","EnvironmentName","EntryPointId","InputArguments","ProcessType","SupportsMultipleEntryPoints","RequiresUserInteraction","IsAttended","IsCompiled","AutoUpdate","FeedId","JobPriority","SpecificPriorityValue","OrganizationUnitId","OrganizationUnitFullyQualifiedName","TargetFramework","RobotSize","AutoCreateConnectedTriggers","RemoteControlAccess","LastModificationTime","LastModifierUserId","CreationTime","CreatorUserId","Id","Arguments","ProcessSettings","VideoRecordingSettings","Tags","ResourceOverwrites"]}}}}}}}},"Key":{"runAfter":{"Parse_Release_JSON":["Succeeded"]},"metadata":{"operationMetadataId":"1fc33fe8-e5c7-413c-9884-6ecb4c64385b"},"type":"Compose","inputs":"@first(body('Parse_Release_JSON')?['value'])?['Key']"},"Post_a_Job_in_UiPath_Orchestrator":{"runAfter":{"Key":["Succeeded"]},"metadata":{"operationMetadataId":"825443fc-6ffc-41cc-837d-9d9b09a5f772"},"type":"Http","inputs":{"method":"POST","uri":"@{variables('tenantUrl')}/odata/Jobs/UiPath.Server.Configuration.OData.StartJobs","headers":{"Authorization":"Bearer @{variables('accessToken')}","Content-Type":"application/json","X-UIPATH-FolderPath":"Main"},"body":{"startInfo":{"InputArguments":"{\"in_OrchestratorQueueName\":\"false\",\"in_OrchestratorQueueFolder\":\"false\",\"io_dtUsers\":\"false\"}","ReleaseKey":"@{outputs('Key')}","JobPriority":"High","JobsCount":1,"RuntimeType":"Unattended","Strategy":"ModernJobsCount","Source":"IntegrationTrigger","StopProcessExpression":"28800","StopStrategy":"SoftStop","KillProcessExpression":"500"}}}}},"runAfter":{},"expression":{"contains":["@items('Apply_to_each')?['Message']","System exception at initialization"]},"metadata":{"operationMetadataId":"eff9837f-3bc6-4f5d-abd5-58be4a09dae4"},"type":"If"}},"runAfter":{"Filter_array_by_ProcessName":["Succeeded"]},"metadata":{"operationMetadataId":"26fb2975-e6f8-4537-8ce9-9e8fb13f0d56"},"type":"Foreach"}},"runAfter":{"Set_Access_Token":["Succeeded"]},"metadata":{"operationMetadataId":"43a14bb6-3b45-44d4-930c-8fada95b4ca3"},"type":"Scope"}},"outputs":{}},"connectionReferences":{},"flowFailureAlertSubscribed":false,"isManaged":false}}