{"name":"154921f2-8a19-4be1-9966-7db726351854","id":"/providers/Microsoft.Flow/flows/154921f2-8a19-4be1-9966-7db726351854","type":"Microsoft.Flow/flows","properties":{"apiId":"/providers/Microsoft.PowerApps/apis/shared_logicflows","displayName":"IQbotTemplate","definition":{"metadata":{"workflowEntityId":null,"processAdvisorMetadata":null,"flowclientsuspensionreason":"None","flowclientsuspensiontime":null,"flowclientsuspensionreasondetails":null,"creator":{"id":"d0461964-21df-40c3-9f36-899bff1d35e4","type":"User","tenantId":"e9112c5c-e4bb-4ab9-8b4c-3692f43531a7"},"provisioningMethod":"FromDefinition","failureAlertSubscription":true,"clientLastModifiedTime":"2023-01-03T15:53:34.3294384Z"},"$schema":"https://schema.management.azure.com/providers/Microsoft.Logic/schemas/2016-06-01/workflowdefinition.json#","contentVersion":"1.0.0.0","parameters":{"$authentication":{"defaultValue":{},"type":"SecureObject"}},"triggers":{"Recurrence":{"recurrence":{"frequency":"Hour","interval":1},"metadata":{"operationMetadataId":"a418d226-526c-4b6f-9c22-e4e6980c37ea"},"type":"Recurrence"}},"actions":{"Current_time":{"runAfter":{},"metadata":{"operationMetadataId":"5b6d7287-9778-4298-86fd-e1d6a4daf02a"},"type":"Expression","kind":"CurrentTime","inputs":{}},"Convert_time_zone":{"runAfter":{"Current_time":["Succeeded"]},"metadata":{"operationMetadataId":"b68a7fa5-41fd-4d3a-94d7-b103a5e6ef68"},"type":"Expression","kind":"ConvertTimeZone","inputs":{"baseTime":"@body('Current_time')","formatString":"r","sourceTimeZone":"UTC","destinationTimeZone":"Romance Standard Time"}},"Set_UserKey":{"runAfter":{"Convert_time_zone":["Succeeded"]},"metadata":{"operationMetadataId":"03dae1b6-dcfe-4a4b-b56a-2c38fa698e74"},"type":"InitializeVariable","inputs":{"variables":[{"name":"userKey","type":"string","value":"\"\""}]}},"Set_TenantUrl":{"runAfter":{"Set_UserKey":["Succeeded"]},"metadata":{"operationMetadataId":"68199348-bcd1-4bf9-bcec-a5aa903db843"},"type":"InitializeVariable","inputs":{"variables":[{"name":"tenantUrl","type":"string","value":"https://cloud.uipath.com/steeltitansax/DefaultTenant"}]}},"Set_ClientId":{"runAfter":{"Set_TenantUrl":["Succeeded"]},"metadata":{"operationMetadataId":"362ffe7b-bfcf-4954-a6fc-e1acda6bf193"},"type":"InitializeVariable","inputs":{"variables":[{"name":"ClientId","type":"string","value":"942ea57f-6d8b-410d-9ad4-b74d099f532f"}]}},"Set_ClientSecret":{"runAfter":{"Set_ClientId":["Succeeded"]},"metadata":{"operationMetadataId":"ec008cb8-eed3-4472-9cb8-7adbcc9976ec"},"type":"InitializeVariable","inputs":{"variables":[{"name":"clientSecret","type":"string","value":"!UhfKBwmMljZ3Fk8"}]}},"Set_Scope":{"runAfter":{"Set_ClientSecret":["Succeeded"]},"metadata":{"operationMetadataId":"48bcc970-04d0-4e2d-9b07-7dd5bf06cd88"},"type":"InitializeVariable","inputs":{"variables":[{"name":"scope","type":"string","value":"OR.Administration OR.Administration.Read OR.Administration.Write OR.Analytics OR.Analytics.Read OR.Analytics.Write  OR.Assets OR.Assets.Read OR.Assets.Write OR.Audit OR.Audit.Read OR.Audit.Write  OR.BackgroundTasks OR.BackgroundTasks.Read OR.BackgroundTasks.Write OR.Execution OR.Execution.Read OR.Execution.Write OR.Folders OR.Folders.Read OR.Folders.Write OR.Hypervisor OR.Hypervisor.Read OR.Hypervisor.Write OR.Jobs OR.Jobs.Read OR.Jobs.Write OR.Robots OR.Robots.Read OR.Robots.Write OR.Monitoring"}]}},"Set_Access_Token":{"runAfter":{"Set_Scope":["Succeeded"]},"metadata":{"operationMetadataId":"1a96ff89-9198-419e-b6c2-647fbad643c9"},"type":"InitializeVariable","inputs":{"variables":[{"name":"accessToken","type":"string","value":"\"\""}]}},"Try":{"actions":{"HTTP_Authentication_Request":{"runAfter":{},"metadata":{"operationMetadataId":"ff3b3948-d53c-4048-ab67-08d13d2898a4"},"type":"Http","inputs":{"method":"POST","uri":"https://cloud.uipath.com/identity_/connect/token","headers":{"Content-Type":"application/x-www-form-urlencoded"},"body":"grant_type=client_credentials&client_id=@{variables('ClientId')}&client_secret=@{variables('clientSecret')}&scope=@{variables('scope')}"}},"Parse_Authentication_Request":{"runAfter":{"HTTP_Authentication_Request":["Succeeded"]},"metadata":{"operationMetadataId":"688b3f53-44eb-4ba9-9f99-381cb5ced3d6"},"type":"ParseJson","inputs":{"content":"@body('HTTP_Authentication_Request')","schema":{"type":"object","properties":{"access_token":{"type":"string"}}}}},"Reset_Access_Token":{"runAfter":{"Parse_Authentication_Request":["Succeeded"]},"metadata":{"operationMetadataId":"94ad24f8-d2c5-4492-ad6c-22b90fff2db4"},"type":"SetVariable","inputs":{"name":"accessToken","value":"@body('Parse_Authentication_Request')?['access_token']"}},"HTTP":{"runAfter":{"Reset_Access_Token":["Succeeded"]},"metadata":{"operationMetadataId":"4ff56004-e8c2-4da6-860e-08dfb2023b2e"},"type":"Http","inputs":{"method":"GET","uri":"@{variables('tenantUrl')}/orchestrator_/odata/RobotLogs","headers":{"Authorization":"Bearer @{variables('accessToken')}","Connection":"keep-alive","Accept-Encoding":"gzip,deflate,br","Accept":"*/*","X-UIPATH-FolderPath":"Main"}}}},"runAfter":{"Set_Access_Token":["Succeeded"]},"metadata":{"operationMetadataId":"43a14bb6-3b45-44d4-930c-8fada95b4ca3"},"type":"Scope"}},"outputs":{}},"connectionReferences":{},"flowFailureAlertSubscribed":false,"isManaged":false}}